FID,cx,cy
North East,-1.903079236,55.01800829
North West,-2.725663527,54.05817174
Yorkshire and The Humber,-1.273657083,53.9855481
East Midlands,-0.811285867,52.92867405
West Midlands,-2.27522613,52.48017053
Eastern,0.539189747,52.25236242
London,-0.110192214,51.49985238
South East,-0.529046455,51.29369435
South West,-3.128315761,50.99997066
Northern Ireland,-6.680146026,54.60950611
Scotland,-4.03174187,56.68916845
Wales,-3.740925207,52.29738727